﻿S.No,ResourceGroup,VMName,VMSize,Location,Subscription,OSDiskType,OSDiskSize,VNetName,Subnet,NICName,Create,DataDiskCount,DiskSize
1,trg-test-eus-01,az-vm-01,Standard_B2ms,EastUS,M0243,Standard_LRS,128,vnet-test-eus-01,snet-01,nic-az-vm-01,true,1,512
2,trg-test-eus-01,az-vm-02,Standard_B2ms,EastUS,M0243,Standard_LRS,128,vnet-test-eus-01,snet-02,nic-az-vm-02,true,2,"256,512,256"
3,trg-test-eus-01,az-vm-03,Standard_B2ms,EastUS,M0243,Standard_LRS,128,vnet-test-eus-01,snet-03,nic-az-vm-03,true,,
4,trg-test-eus-01,az-vm-04,Standard_B2ms,EastUS,M0243,Standard_LRS,128,vnet-test-eus-01,snet-01,nic-az-vm-04,false,,
5,trg-test-eus-01,az-vm-05,Standard_B1s,EastUS,M0243,Standard_LRS,128,vnet-test-eus-01,snet-02,nic-az-vm-05,true,1,512