﻿S.No,ResourceGroup,VMName,VMSize,AVZone,Location,OS_SKU,OSDiskType,DiskSize,DataDiskType,VNetRGName,VNetName,Subnet,PrivateIPAllocation,PrivateIP,Create,AHUB,Dedicated_Host,FluentD,AppDAgent,MachineAgent,CrowdStrike,LapsAgent,KVName,KVRGName,KVSecretUsername,KVSecretPassword
1,rg-dev-01,SS1WIDSLNRS01,Standard_DS2_v2,2,EastUS,2022-datacenter-azure-edition,Premium_LRS,16,StandardSSD_LRS,rg-az-eus-01,vnet-az-vm-win-01,snet-dev,Dynamic,NA,TRUE,Windows_Server,NA,No,Yes,Yes,Yes,Yes,kv-az-secrets-01,rg-az-eus-01,VM-local-admin-username,VM-local-admin-password
2,rg-dev-01,SS1WIDSLNSS01,Standard_DS2_v2,2,EastUS,2022-datacenter-azure-edition,Premium_LRS,16,StandardSSD_LRS,rg-az-eus-01,vnet-az-vm-win-01,snet-dev,Dynamic,NA,FALSE,Windows_Server,NA,No,Yes,Yes,Yes,Yes,kv-az-secrets-01,rg-az-eus-01,VM-local-admin-username,VM-local-admin-password
3,rg-dev-01,SS1WIDSSH1AP01,Standard_DS2_v2,2,EastUS,2022-datacenter-azure-edition,Premium_LRS,16,StandardSSD_LRS,rg-az-eus-01,vnet-az-vm-win-01,snet-dev,Dynamic,NA,TRUE,Windows_Server,NA,Yes,Yes,Yes,Yes,Yes,kv-az-secrets-01,rg-az-eus-01,VM-local-admin-username,VM-local-admin-password
4,rg-dev-01,SS1WIDSSH1AP02,Standard_DS2_v2,3,EastUS,2022-datacenter-azure-edition,Premium_LRS,16,StandardSSD_LRS,rg-az-eus-01,vnet-az-vm-win-01,snet-dev,Dynamic,NA,FALSE,Windows_Server,NA,Yes,Yes,Yes,Yes,Yes,kv-az-secrets-01,rg-az-eus-01,VM-local-admin-username,VM-local-admin-password
5,rg-dev-01,SS1WIDSSH1ET01,Standard_DS2_v2,2,EastUS,2022-datacenter-azure-edition,Premium_LRS,"200,64",StandardSSD_LRS,rg-az-eus-01,vnet-az-vm-win-01,snet-dev,Dynamic,NA,TRUE,Windows_Server,NA,No,Yes,Yes,Yes,Yes,kv-az-secrets-01,rg-az-eus-01,VM-local-admin-username,VM-local-admin-password
6,rg-qa-02,SS1WIDSSH1DB01,Standard_DS2_v2,2,EastUS,2022-datacenter-azure-edition,Premium_LRS,"200,64",StandardSSD_LRS,rg-az-eus-01,vnet-az-vm-win-01,snet-qa,Dynamic,NA,TRUE,Windows_Server,NA,No,Yes,Yes,Yes,Yes,kv-az-secrets-01,rg-az-eus-01,VM-local-admin-username,VM-local-admin-password
7,rg-qa-02,SS1WIDSSH1DB02,Standard_DS2_v2,3,EastUS,2022-datacenter-azure-edition,Premium_LRS,"200,64",StandardSSD_LRS,rg-az-eus-01,vnet-az-vm-win-01,snet-qa,Dynamic,NA,TRUE,Windows_Server,NA,Yes,Yes,Yes,Yes,Yes,kv-az-secrets-01,rg-az-eus-01,VM-local-admin-username,VM-local-admin-password
8,rg-qa-02,SS1WIDSSH1WB01,Standard_DS2_v2,2,EastUS,2022-datacenter-azure-edition,Premium_LRS,16,StandardSSD_LRS,rg-az-eus-01,vnet-az-vm-win-01,snet-qa,Dynamic,NA,FALSE,Windows_Server,NA,No,Yes,Yes,Yes,Yes,kv-az-secrets-01,rg-az-eus-01,VM-local-admin-username,VM-local-admin-password
9,rg-qa-02,SS1WIDSSH1WB02,Standard_DS2_v2,3,EastUS,2022-datacenter-azure-edition,Premium_LRS,16,StandardSSD_LRS,rg-az-eus-01,vnet-az-vm-win-01,snet-qa,Static,10.0.2.7,TRUE,Windows_Server,NA,No,Yes,Yes,Yes,Yes,kv-az-secrets-01,rg-az-eus-01,VM-local-admin-username,VM-local-admin-password
