﻿S.No,ResourceGroup,VMName,VMSize,AVZone,Location,Subscription,OSDiskType,VNetName,Subnet,PrivateIP,SecondaryIP1,SecondaryIP2,Create,KVName,KVRg,DiskSize
1,trg-test-eus-01,az-vm-01,Standard_B2ms,1,EastUS,M0241,Standard_LRS,vnet-test-eus-01,snet-01,10.1.0.5,,,TRUE,kv-test-poc-eus-01,trg-test-eus-01,"512,256"
2,trg-test-eus-01,az-vm-02,Standard_B1s,2,EastUS,M0241,Standard_LRS,vnet-test-eus-01,snet-02,10.1.1.5,,,TRUE,kv-test-poc-eus-01,trg-test-eus-01,"256,512,256"
3,trg-test-eus-01,az-vm-03,Standard_B2ms,3,EastUS,M0241,Standard_LRS,vnet-test-eus-01,snet-03,10.1.2.5,10.1.2.6,,TRUE,kv-test-poc-eus-01,trg-test-eus-01,512
4,trg-test-eus-01,az-vm-04,Standard_B2ms,1,EastUS,M0241,Standard_LRS,vnet-test-eus-01,snet-01,10.1.0.6,10.1.0.7,10.1.0.8,TRUE,kv-test-poc-eus-01,trg-test-eus-01,"1024,256"
5,trg-test-eus-01,az-vm-05,Standard_B1s,2,EastUS,M0241,Standard_LRS,vnet-test-eus-01,snet-02,10.1.1.6,,,FALSE,kv-test-poc-eus-01,trg-test-eus-01,null
