{
    "Item1": {
        "EventName": {
        "S": "RO_Create"
        },
        "Transformation": {
        "S": "N"
        },
        "Source": {
        "S": "CCC"
        },
        "EventType": {
        "S": "Workfiles"
        },
        "Vendors": {
        "L": [ 
                { 
                "M" : { 
                    "ConsumerUrl" : { 
                        "S" : "http://bsl-bms-workfiles-entegral-consumer-qa.bms.svc.cluster.local:8080/entegral/api/WorkFile" 
                    }, 
                    "VendorName" : { 
                        "S" : "Entegral" 
                    }, 
                    "VendorId" : { 
                        "S" : "entegral" 
                    } 
                    } 
                }, 
                { 
                "M" : { 
                    "ConsumerUrl" : { 
                        "S" : "http://bsl-bms-workfiles-smartshop-consumer-qa.bms.svc.cluster.local:8083/smartshop/api/WorkFile" 
                            },
                         "VendorName" : { 
                            "S" : "Smartshop" 
                            }, 
                            "VendorId" : { 
                                "S" : "smartshop" 
                            } 
                        } 
                    } 
                ]
        },
        "Status": {
        "S": "A"
        },
        "CreationDate": {
        "S": "2023-12-11T13:30:00.000Z"
        },
        "Createdby": {
        "S": "Admin"
        },
        "modifiedDate": {
        "S": "2023-12-11T13:30:00.000Z"
        }
    },
    "Item2": {
        "EventName": {
        "S": "RO_Create"
        },
        "Transformation": {
        "S": "Y"
        },
        "Source": {
        "S": "CCC"
        },
        "EventType": {
        "S": "Workfiles"
        },
        "Vendors": {
        "L": [ 
                { 
                "M" : { 
                    "ConsumerUrl" : { 
                        "S" : "http://localhost:8080/ops" 
                        }, 
                    "VendorName" : { 
                        "S" : "OPS" 
                        }, 
                    "VendorId" : { 
                        "S" : "ops" 
                        } 
                    } 
                } 
            ]
        },
        "Status": {
        "S": "A"
        },
        "CreationDate": {
        "S": "2023-12-11T13:30:00.000Z"
        },
        "Createdby": {
        "S": "Admin"
        },
        "modifiedDate": {
        "S": "2023-12-11T13:30:00.000Z"
        }
    },    
    "Item3":{
      "EventName": {
      "S": "RO_Update"
      },
      "Transformation": {
      "S": "N"
      },
      "Source": {
      "S": "CCC"
      },
      "EventType": {
      "S": "Workfiles"
      },
      "Vendors": {
      "L": [ 
            { "M" : { 
                "ConsumerUrl" : { 
                    "S" : "http://bsl-bms-workfiles-entegral-consumer-qa.bms.svc.cluster.local:8080/entegral/api/WorkFile" 
                    }, 
                "VendorName" : { 
                    "S" : "Entegral" 
                    }, 
                "VendorId" : { 
                    "S" : "entegral" 
                    } 
                }
            }, 
            { "M" : { 
                "ConsumerUrl" : { 
                    "S" : "http://bsl-bms-workfiles-smartshop-consumer-qa.bms.svc.cluster.local:8083/smartshop/api/WorkFile" 
                    }, 
                "VendorName" : { 
                    "S" : "Smartshop" 
                    }, 
                "VendorId" : { 
                    "S" : "smartshop" 
                    } 
                } 
            } 
        ]
      },
      "Status": {
      "S": "A"
      },
      "CreationDate": {
      "S": "2023-12-11T13:30:00.000Z"
      },
      "Createdby": {
      "S": "Admin"
      },
      "modifiedDate": {
      "S": "2023-12-11T13:30:00.000Z"
      }
    },
    "Item4":{
      "EventName": {
      "S": "RO_Update"
      },
      "Transformation": {
      "S": "Y"
      },
      "Source": {
      "S": "CCC"
      },
      "EventType": {
      "S": "Workfiles"
      },
      "Vendors": {
      "L": [ 
            { "M" : { 
                "ConsumerUrl" : { 
                    "S" : "http://localhost:8080/ops" 
                    }, 
                "VendorName" : { 
                    "S" : "OPS" 
                    }, 
                "VendorId" : { 
                    "S" : "ops" 
                    } 
                } 
            } 
        ]
      },
      "Status": {
      "S": "A"
      },
      "CreationDate": {
      "S": "2023-12-11T13:30:00.000Z"
      },
      "Createdby": {
      "S": "Admin"
      },
      "modifiedDate": {
      "S": "2023-12-11T13:30:00.000Z"
      }
    },
    "Item5":{
       "EventName": {
       "S": "RO_Cancel"
       },
       "Transformation": {
       "S": "N"
       },
       "Source": {
       "S": "CCC"
       },
       "EventType": {
       "S": "Workfiles"
       },
       "Vendors": {
       "L": [ 
             { "M" : { 
                "ConsumerUrl" : { 
                    "S" : "http://bsl-bms-workfiles-entegral-consumer-qa.bms.svc.cluster.local:8080/entegral/api/WorkFile" 
                    }, 
                "VendorName" : { 
                    "S" : "Entegral" 
                    }, 
                "VendorId" : { 
                    "S" : "entegral" 
                    } 
                } 
            }, 
            { "M" : { 
                "ConsumerUrl" : { 
                    "S" : "http://bsl-bms-workfiles-smartshop-consumer-qa.bms.svc.cluster.local:8083/smartshop/api/WorkFile" 
                    }, 
                "VendorName" : { 
                    "S" : "Smartshop" 
                    }, 
                "VendorId" : { 
                    "S" : "smartshop" 
                    } 
                } 
            } 
        ]
       },
       "Status": {
       "S": "A"
       },
       "CreationDate": {
       "S": "2023-12-11T13:30:00.000Z"
       },
       "Createdby": {
       "S": "Admin"
       },
       "modifiedDate": {
       "S": "2023-12-11T13:30:00.000Z"
       }
    },
    "Item6":{
       "EventName": {
       "S": "RO_Cancel"
       },
       "Transformation": {
       "S": "Y"
       },
       "Source": {
       "S": "CCC"
       },
       "EventType": {
       "S": "Workfiles"
       },
       "Vendors": {
       "L": [ 
            { "M" : { 
                "ConsumerUrl" : { 
                    "S" : "http://localhost:8080/ops" 
                    }, 
                "VendorName" : { 
                    "S" : "OPS" 
                    }, 
                "VendorId" : { 
                    "S" : "ops" 
                    } 
                } 
            } 
        ]
       },
       "Status": {
       "S": "A"
       },
       "CreationDate": {
       "S": "2023-12-11T13:30:00.000Z"
       },
       "Createdby": {
       "S": "Admin"
       },
       "modifiedDate": {
       "S": "2023-12-11T13:30:00.000Z"
       }
    },
    "Item7":{
       "EventName": {
       "S": "Opportunity_Create"
       },
       "Transformation": {
       "S": "N"
       },
       "Source": {
       "S": "CCC"
       },
       "EventType": {
       "S": "Workfiles"
       },
       "Vendors": {
       "L": [ 
            { "M" : { 
                "ConsumerUrl" : { 
                    "S" : "http://bsl-bms-workfiles-entegral-consumer-qa.bms.svc.cluster.local:8080/entegral/api/WorkFile" 
                    }, 
                "VendorName" : { 
                    "S" : "Entegral" 
                    }, 
                "VendorId" : { 
                    "S" : "entegral" 
                    } 
                } 
            }, 
            { "M" : { 
                "ConsumerUrl" : { 
                    "S" : "http://bsl-bms-workfiles-smartshop-consumer-qa.bms.svc.cluster.local:8083/smartshop/api/WorkFile"
                    }, 
                "VendorName" : { 
                    "S" : "Smartshop" 
                    }, 
                "VendorId" : { 
                    "S" : "smartshop" 
                    } 
                } 
            } 
        ]
       },
       "Status": {
       "S": "A"
       },
       "CreationDate": {
       "S": "2023-12-11T13:30:00.000Z"
       },
       "Createdby": {
       "S": "Admin"
       },
       "modifiedDate": {
       "S": "2023-12-11T13:30:00.000Z"
       }
    },
    "Item8":{
       "EventName": {
       "S": "Opportunity_Update"
       },
       "Transformation": {
       "S": "N"
       },
       "Source": {
       "S": "CCC"
       },
       "EventType": {
       "S": "Workfiles"
       },
       "Vendors": {
       "L": [ 
            { "M" : { 
                "ConsumerUrl" : { 
                    "S" : "http://bsl-bms-workfiles-entegral-consumer-qa.bms.svc.cluster.local:8080/entegral/api/WorkFile"
                    }, 
                "VendorName" : { 
                    "S" : "Entegral" 
                    }, 
                "VendorId" : { 
                    "S" : "entegral" 
                    } 
                } 
            }, 
            { "M" : { 
                "ConsumerUrl" : { 
                    "S" : "http://bsl-bms-workfiles-smartshop-consumer-qa.bms.svc.cluster.local:8083/smartshop/api/WorkFile"
                    }, 
                "VendorName" : { 
                    "S" : "Smartshop" 
                    }, 
                "VendorId" : { 
                    "S" : "smartshop" 
                    } 
                } 
            } 
        ]
       },
       "Status": {
       "S": "A"
       },
       "CreationDate": {
       "S": "2023-12-11T13:30:00.000Z"
       },
       "Createdby": {
       "S": "Admin"
       },
       "modifiedDate": {
       "S": "2023-12-11T13:30:00.000Z"
       }
    },
    "Item9":{
       "EventName": {
       "S": "Opportunity_Cancel"
       },
       "Transformation": {
       "S": "N"
       },
       "Source": {
       "S": "CCC"
       },
       "EventType": {
       "S": "Workfiles"
       },
       "Vendors": {
       "L": [ 
            { "M" : { 
                "ConsumerUrl" : { 
                    "S" : "http://bsl-bms-workfiles-entegral-consumer-qa.bms.svc.cluster.local:8080/entegral/api/WorkFile" 
                    }, 
                "VendorName" : { 
                    "S" : "Entegral" 
                    }, 
                "VendorId" : { 
                    "S" : "entegral" 
                    } 
                } 
            }, 
            { "M" : { 
                "ConsumerUrl" : { 
                    "S" : "http://bsl-bms-workfiles-smartshop-consumer-qa.bms.svc.cluster.local:8083/smartshop/api/WorkFile"
                    }, 
                "VendorName" : { 
                    "S" : "Smartshop" 
                    }, 
                "VendorId" : { 
                    "S" : "smartshop" 
                    } 
                } 
            } 
        ]
       },
       "Status": {
       "S": "A"
       },
       "CreationDate": {
       "S": "2023-12-11T13:30:00.000Z"
       },
       "Createdby": {
       "S": "Admin"
       },
       "modifiedDate": {
       "S": "2023-12-11T13:30:00.000Z"
       }
    }
}